{"uid":"98d3104e051c652961429bf95fa0b5d6","name":"suites","children":[{"name":"Default suite","children":[{"name":"Default test","children":[{"name":"tests.ApiTest","children":[{"name":"Run Full API Scenario with Allure Steps","uid":"382633dc0a0e180a","parentUid":"f42791f5d28eb051d3b33bf928971e9d","status":"passed","time":{"start":1747477046895,"stop":1747477068301,"duration":21406},"flaky":false,"newFailed":false,"newPassed":false,"newBroken":false,"retriesCount":1,"retriesStatusChange":false,"parameters":[],"tags":[]}],"uid":"f42791f5d28eb051d3b33bf928971e9d"}],"uid":"848117670d75f6868e681771989ad50e"}],"uid":"2c8837b97293ea01a164a5cd7048ad56"}]}