{"uid":"ab17fc5a4eb3bca4b216b548c7f9fcbc","name":"timeline","children":[{"name":"AMLQASRQA4204","children":[{"name":"13236@AMLQASRQA4204.main(1)","children":[{"name":"Run Full API Scenario with Allure Steps","uid":"382633dc0a0e180a","parentUid":"e2e6032435b8ac1b2ff9b27457396998","status":"passed","time":{"start":1747477046895,"stop":1747477068301,"duration":21406},"flaky":false,"newFailed":false,"newPassed":false,"newBroken":false,"retriesCount":1,"retriesStatusChange":false,"parameters":[],"tags":[]},{"name":"Run Full API Scenario with Allure Steps","uid":"290ff9cba14bf019","parentUid":"e2e6032435b8ac1b2ff9b27457396998","status":"passed","time":{"start":1747477046886,"stop":1747477068256,"duration":21370},"flaky":false,"newFailed":false,"newPassed":false,"newBroken":false,"retriesCount":0,"retriesStatusChange":false,"parameters":[],"tags":[]}],"uid":"e2e6032435b8ac1b2ff9b27457396998"}],"uid":"f8c1e09f5f4310d73f8c80f68fae38ff"}]}