{"uid":"b1a8273437954620fa374b796ffaacdd","name":"behaviors","children":[{"name":"API Execution","children":[{"name":"Full Flow","children":[{"name":"Initial Run + Retries","children":[{"name":"Run Full API Scenario with Allure Steps","uid":"382633dc0a0e180a","parentUid":"3f12081b3a690619d1155833b59e0772","status":"passed","time":{"start":1747477046895,"stop":1747477068301,"duration":21406},"flaky":false,"newFailed":false,"newPassed":false,"newBroken":false,"retriesCount":1,"retriesStatusChange":false,"parameters":[],"tags":[]}],"uid":"3f12081b3a690619d1155833b59e0772"}],"uid":"f38030e35df6e3a0563a4660e0a8687b"}],"uid":"917ec0af4f0b0834a3c52982e41f1823"}]}